Layer,Threshold,ThresholdLabel,ParamCount,TotalTrades,WinTrades,WinRate,NetPoints,NetProfitTWD,TotalReturnRate,MDDNetPointsSum,MDDRateSum,MDDNetPointsMax,MDDRateMax,PFNet
大台全日,0.5,勝率 > 50%,276,1398,930,0.6652360515021459,21182.68,1059134.0,4.236536,9673.36,1.934672,561.36,0.112272,2.2993532272390462
大台全日,0.6,勝率 > 60%,236,645,519,0.8046511627906977,20601.86,1030093.0,4.120372,3664.68,0.732936,561.36,0.112272,5.5205094110264135
大台全日,0.7,勝率 > 70%,196,353,328,0.9291784702549575,18057.1,902855.0,3.61142,661.4,0.13228,148.32,0.029664,23.643835272873197
大台全日,0.8,勝率 > 80%,186,272,268,0.9852941176470589,16537.5,826875.0,3.3075,101.52,0.020304,43.52,0.008704,163.89893617021275
大台全日,0.9,勝率 > 90%,182,247,247,1.0,15848.860000000002,792443.0,3.169772,0.0,0.0,0.0,0.0,inf
大台全日,1.0,勝率 = 100%,182,247,247,1.0,15848.860000000002,792443.0,3.169772,0.0,0.0,0.0,0.0,inf
