Layer,Threshold,ThresholdLabel,ParamCount,TotalTrades,WinTrades,WinRate,NetPoints,NetProfitTWD,TotalReturnRate,MDDNetPointsSum,MDDRateSum,MDDNetPointsMax,MDDRateMax,PFNet
小台全日 比例,0.5,勝率 > 50%,141,643,420,0.6531881804043546,10622.640000000001,531132.0,2.124528,3341.7,0.66834,743.12,0.148624,3.0163163349366213
小台全日 比例,0.6,勝率 > 60%,115,219,186,0.8493150684931506,9680.24,484012.0,1.936048,637.8399999999999,0.127568,94.08,0.018816,13.933197947840956
小台全日 比例,0.7,勝率 > 70%,102,142,136,0.9577464788732394,9328.020000000002,466401.0,1.865604,106.1,0.02122,30.08,0.006016,88.91724787935911
小台全日 比例,0.8,勝率 > 80%,98,125,123,0.984,9011.720000000001,450586.0,1.802344,51.56,0.010312,30.08,0.006016,175.78122575640032
小台全日 比例,0.9,勝率 > 90%,96,110,110,1.0,8767.46,438373.0,1.753492,0.0,0.0,0.0,0.0,inf
小台全日 比例,1.0,勝率 = 100%,96,110,110,1.0,8767.46,438373.0,1.753492,0.0,0.0,0.0,0.0,inf
