Layer,Threshold,ThresholdLabel,ParamCount,TotalTrades,WinTrades,WinRate,NetPoints,NetProfitTWD,TotalReturnRate,MDDNetPointsSum,MDDRateSum,MDDNetPointsMax,MDDRateMax,PFNet
小台日盤,0.5,勝率 > 50%,201,1439,907,0.6302988186240445,11463.32,573166.0,2.292664,7894.900000000001,1.57898,454.1,0.09082,1.7495677828896947
小台日盤,0.6,勝率 > 60%,155,477,378,0.7924528301886793,9990.800000000001,499540.0,1.99816,2226.88,0.445376,231.8,0.04636,4.651448035904858
小台日盤,0.7,勝率 > 70%,128,300,260,0.8666666666666667,8034.08,401704.0,1.606816,1231.3600000000001,0.24627200000000002,231.8,0.04636,6.3779955551985426
小台日盤,0.8,勝率 > 80%,112,165,160,0.9696969696969697,6205.04,310252.0,1.241008,229.76,0.045952,62.0,0.0124,27.426916524701873
小台日盤,0.9,勝率 > 90%,108,135,135,1.0,5656.480000000001,282824.0,1.131296,0.0,0.0,0.0,0.0,inf
小台日盤,1.0,勝率 = 100%,108,135,135,1.0,5656.480000000001,282824.0,1.131296,0.0,0.0,0.0,0.0,inf
