Layer,Threshold,ThresholdLabel,ParamCount,TotalTrades,WinTrades,WinRate,NetPoints,NetProfitTWD,TotalReturnRate,MDDNetPointsSum,MDDRateSum,MDDNetPointsMax,MDDRateMax,PFNet
大台全日 比例,0.5,勝率 > 50%,187,778,534,0.6863753213367609,10575.72,2115144.0,2.115144,3330.63,0.666126,210.93,0.042186,3.040327240421002
大台全日 比例,0.6,勝率 > 60%,166,415,337,0.8120481927710843,9809.36,1961872.0,1.961872,1687.7549999999997,0.33755099999999993,208.075,0.041615,5.805800651593464
大台全日 比例,0.7,勝率 > 70%,146,276,248,0.8985507246376812,9573.625,1914725.0,1.914725,396.855,0.079371,100.36,0.020072,22.101223275292043
大台全日 比例,0.8,勝率 > 80%,130,167,166,0.9940119760479041,7848.900000000001,1569780.0,1.56978,3.73,0.000746,3.73,0.000746,2105.2627345844503
大台全日 比例,0.9,勝率 > 90%,129,160,160,1.0,7664.645,1532929.0,1.532929,0.0,0.0,0.0,0.0,inf
大台全日 比例,1.0,勝率 = 100%,129,160,160,1.0,7664.645,1532929.0,1.532929,0.0,0.0,0.0,0.0,inf
