Layer,Threshold,ThresholdLabel,ParamCount,TotalTrades,WinTrades,WinRate,NetPoints,NetProfitTWD,TotalReturnRate,MDDNetPointsSum,MDDRateSum,MDDNetPointsMax,MDDRateMax,PFNet
大台日盤 比例,0.5,勝率 > 50%,130,877,547,0.6237172177879133,4317.665000000001,863533.0,0.863533,3331.8199999999997,0.666364,271.18,0.054236,1.7666329011884794
大台日盤 比例,0.6,勝率 > 60%,98,247,204,0.8259109311740891,3174.7750000000005,634955.0,0.634955,797.6350000000001,0.15952700000000003,140.57500000000002,0.028115000000000005,4.540292499066077
大台日盤 比例,0.7,勝率 > 70%,83,168,152,0.9047619047619048,2919.0400000000004,583808.0,0.583808,176.72,0.035344,43.74,0.008748,15.77845281490482
大台日盤 比例,0.8,勝率 > 80%,75,116,113,0.9741379310344828,2454.17,490834.0,0.490834,27.37,0.005474,11.69,0.002338,90.66642309097553
大台日盤 比例,0.9,勝率 > 90%,72,95,95,1.0,2187.38,437476.0,0.437476,0.0,0.0,0.0,0.0,inf
大台日盤 比例,1.0,勝率 = 100%,72,95,95,1.0,2187.38,437476.0,0.437476,0.0,0.0,0.0,0.0,inf
