Layer,Threshold,ThresholdLabel,ParamCount,TotalTrades,WinTrades,WinRate,NetPoints,NetProfitTWD,TotalReturnRate,MDDNetPointsSum,MDDRateSum,MDDNetPointsMax,MDDRateMax,PFNet
小台日盤 比例,0.5,勝率 > 50%,84,424,286,0.6745283018867925,2812.74,140637.0,0.562548,1697.8400000000001,0.339568,192.72,0.038544,2.0991043796304982
小台日盤 比例,0.6,勝率 > 60%,71,159,134,0.8427672955974843,2107.4400000000005,105372.0,0.421488,529.0,0.1058,79.4,0.015880000000000002,4.886831427517521
小台日盤 比例,0.7,勝率 > 70%,62,132,116,0.8787878787878788,1925.4800000000002,96274.0,0.385096,333.64,0.066728,79.4,0.015880000000000002,6.551493484027217
小台日盤 比例,0.8,勝率 > 80%,52,81,78,0.9629629629629629,1519.1200000000001,75956.0,0.303824,71.12,0.014224,31.36,0.006272,22.359955005624297
小台日盤 比例,0.9,勝率 > 90%,49,61,61,1.0,1297.6399999999999,64882.0,0.259528,0.0,0.0,0.0,0.0,inf
小台日盤 比例,1.0,勝率 = 100%,49,61,61,1.0,1297.6399999999999,64882.0,0.259528,0.0,0.0,0.0,0.0,inf
