Layer,Threshold,ThresholdLabel,ParamCount,TotalTrades,WinTrades,WinRate,NetPoints,NetProfitTWD,TotalReturnRate,MDDNetPointsSum,MDDRateSum,MDDNetPointsMax,MDDRateMax,PFNet
大台日盤,0.5,勝率 > 50%,232,1634,1023,0.6260709914320686,13280.329999999998,2656066.0,10.624264,8251.495,6.601196000000001,480.4,0.38432,1.8118690099020496
大台日盤,0.6,勝率 > 60%,187,622,474,0.7620578778135049,10596.350000000002,2119270.0,8.47708,3118.42,2.494736,318.265,0.254612,3.380025605318719
大台日盤,0.7,勝率 > 70%,151,309,273,0.883495145631068,7965.695,1593139.0,6.372556,1053.965,0.8431719999999999,164.385,0.131508,7.452776922703043
大台日盤,0.8,勝率 > 80%,131,192,185,0.9635416666666666,6444.9,1288980.0,5.15592,241.03,0.192824,66.07,0.05285599999999999,27.01687388987566
大台日盤,0.9,勝率 > 90%,125,146,146,1.0,5030.129999999999,1006026.0,4.024104,0.0,0.0,0.0,0.0,inf
大台日盤,1.0,勝率 = 100%,125,146,146,1.0,5030.129999999999,1006026.0,4.024104,0.0,0.0,0.0,0.0,inf
